grade_min_pct,grade_max_pct,grade_length_km,directional_flow_range_pcph,ET,ER
3.0,3.5,0.4,0-300,1.0,1.0
3.0,3.5,0.4,>300-600,1.0,1.0
3.0,3.5,0.4,>600,1.0,1.0
3.0,3.5,0.8,0-300,1.0,1.0
3.0,3.5,0.8,>300-600,1.0,1.0
3.0,3.5,0.8,>600,1.0,1.0
3.0,3.5,1.2,0-300,1.0,1.0
3.0,3.5,1.2,>300-600,1.0,1.0
3.0,3.5,1.2,>600,1.0,1.0
3.0,3.5,1.6,0-300,1.0,1.0
3.0,3.5,1.6,>300-600,1.0,1.0
3.0,3.5,1.6,>600,1.0,1.0
3.0,3.5,2.4,0-300,1.0,1.0
3.0,3.5,2.4,>300-600,1.0,1.0
3.0,3.5,2.4,>600,1.0,1.0
3.0,3.5,3.2,0-300,1.0,1.0
3.0,3.5,3.2,>300-600,1.0,1.0
3.0,3.5,3.2,>600,1.0,1.0
3.0,3.5,4.8,0-300,1.4,1.0
3.0,3.5,4.8,>300-600,1.0,1.0
3.0,3.5,4.8,>600,1.0,1.0
3.0,3.5,6.4,0-300,1.5,1.0
3.0,3.5,6.4,>300-600,1.0,1.0
3.0,3.5,6.4,>600,1.0,1.0
3.5,4.5,0.4,0-300,1.0,1.0
3.5,4.5,0.4,>300-600,1.0,1.0
3.5,4.5,0.4,>600,1.0,1.0
3.5,4.5,0.8,0-300,1.0,1.0
3.5,4.5,0.8,>300-600,1.0,1.0
3.5,4.5,0.8,>600,1.0,1.0
3.5,4.5,1.2,0-300,1.0,1.0
3.5,4.5,1.2,>300-600,1.0,1.0
3.5,4.5,1.2,>600,1.0,1.0
3.5,4.5,1.6,0-300,1.0,1.0
3.5,4.5,1.6,>300-600,1.0,1.0
3.5,4.5,1.6,>600,1.0,1.0
3.5,4.5,2.4,0-300,1.1,1.0
3.5,4.5,2.4,>300-600,1.0,1.0
3.5,4.5,2.4,>600,1.0,1.0
3.5,4.5,3.2,0-300,1.4,1.0
3.5,4.5,3.2,>300-600,1.0,1.0
3.5,4.5,3.2,>600,1.0,1.0
3.5,4.5,4.8,0-300,1.7,1.0
3.5,4.5,4.8,>300-600,1.1,1.0
3.5,4.5,4.8,>600,1.2,1.0
3.5,4.5,6.4,0-300,2.0,1.0
3.5,4.5,6.4,>300-600,1.5,1.0
3.5,4.5,6.4,>600,1.4,1.0
4.5,5.5,0.4,0-300,1.0,1.0
4.5,5.5,0.4,>300-600,1.0,1.0
4.5,5.5,0.4,>600,1.0,1.0
4.5,5.5,0.8,0-300,1.0,1.0
4.5,5.5,0.8,>300-600,1.0,1.0
4.5,5.5,0.8,>600,1.0,1.0
4.5,5.5,1.2,0-300,1.0,1.0
4.5,5.5,1.2,>300-600,1.0,1.0
4.5,5.5,1.2,>600,1.0,1.0
4.5,5.5,1.6,0-300,1.0,1.0
4.5,5.5,1.6,>300-600,1.0,1.0
4.5,5.5,1.6,>600,1.0,1.0
4.5,5.5,2.4,0-300,1.1,1.0
4.5,5.5,2.4,>300-600,1.2,1.0
4.5,5.5,2.4,>600,1.2,1.0
4.5,5.5,3.2,0-300,1.6,1.0
4.5,5.5,3.2,>300-600,1.3,1.0
4.5,5.5,3.2,>600,1.5,1.0
4.5,5.5,4.8,0-300,2.3,1.0
4.5,5.5,4.8,>300-600,1.9,1.0
4.5,5.5,4.8,>600,1.7,1.0
4.5,5.5,6.4,0-300,3.3,1.0
4.5,5.5,6.4,>300-600,2.1,1.0
4.5,5.5,6.4,>600,1.8,1.0
5.5,6.5,0.4,0-300,1.0,1.0
5.5,6.5,0.4,>300-600,1.0,1.0
5.5,6.5,0.4,>600,1.0,1.0
5.5,6.5,0.8,0-300,1.0,1.0
5.5,6.5,0.8,>300-600,1.0,1.0
5.5,6.5,0.8,>600,1.0,1.0
5.5,6.5,1.2,0-300,1.0,1.0
5.5,6.5,1.2,>300-600,1.0,1.0
5.5,6.5,1.2,>600,1.0,1.0
5.5,6.5,1.6,0-300,1.0,1.0
5.5,6.5,1.6,>300-600,1.2,1.0
5.5,6.5,1.6,>600,1.2,1.0
5.5,6.5,2.4,0-300,1.5,1.0
5.5,6.5,2.4,>300-600,1.6,1.0
5.5,6.5,2.4,>600,1.6,1.0
5.5,6.5,3.2,0-300,1.9,1.0
5.5,6.5,3.2,>300-600,1.9,1.0
5.5,6.5,3.2,>600,1.8,1.0
5.5,6.5,4.8,0-300,3.3,1.0
5.5,6.5,4.8,>300-600,2.5,1.0
5.5,6.5,4.8,>600,2.0,1.0
5.5,6.5,6.4,0-300,4.3,1.0
5.5,6.5,6.4,>300-600,3.1,1.0
5.5,6.5,6.4,>600,2.0,1.0
6.5,,0.4,0-300,1.0,1.0
6.5,,0.4,>300-600,1.0,1.0
6.5,,0.4,>600,1.0,1.0
6.5,,0.8,0-300,1.0,1.0
6.5,,0.8,>300-600,1.0,1.0
6.5,,0.8,>600,1.0,1.0
6.5,,1.2,0-300,1.0,1.0
6.5,,1.2,>300-600,1.0,1.0
6.5,,1.2,>600,1.3,1.0
6.5,,1.6,0-300,1.3,1.0
6.5,,1.6,>300-600,1.4,1.0
6.5,,1.6,>600,1.6,1.0
6.5,,2.4,0-300,2.1,1.0
6.5,,2.4,>300-600,2.0,1.0
6.5,,2.4,>600,2.0,1.0
6.5,,3.2,0-300,2.8,1.0
6.5,,3.2,>300-600,2.5,1.0
6.5,,3.2,>600,2.1,1.0
6.5,,4.8,0-300,4.0,1.0
6.5,,4.8,>300-600,3.1,1.0
6.5,,4.8,>600,2.2,1.0
6.5,,6.4,0-300,4.8,1.0
6.5,,6.4,>300-600,3.5,1.0
6.5,,6.4,>600,2.3,1.0
