ffs_kmh,opposing_flow_pcph,no_passing_zones_pct,fnp_ptsf_pct
110,100,20,10.1
110,100,40,17.2
110,100,60,20.2
110,100,80,21.0
110,100,100,21.8
110,200,20,12.4
110,200,40,19.0
110,200,60,22.7
110,200,80,23.8
110,200,100,24.8
110,400,20,9.0
110,400,40,12.3
110,400,60,14.1
110,400,80,14.4
110,400,100,15.4
110,600,20,5.3
110,600,40,7.7
110,600,60,9.2
110,600,80,9.7
110,600,100,10.4
110,800,20,3.0
110,800,40,4.6
110,800,60,5.7
110,800,80,6.2
110,800,100,6.7
110,1000,20,1.8
110,1000,40,2.9
110,1000,60,3.7
110,1000,80,4.1
110,1000,100,4.4
110,1200,20,1.3
110,1200,40,2.0
110,1200,60,2.6
110,1200,80,2.9
110,1200,100,3.1
110,1400,20,0.9
110,1400,40,1.4
110,1400,60,1.7
110,1400,80,1.9
110,1400,100,2.1
110,1600,20,0.7
110,1600,40,0.9
110,1600,60,1.1
110,1600,80,1.2
110,1600,100,1.4
100,100,20,8.4
100,100,40,14.9
100,100,60,20.9
100,100,80,22.8
100,100,100,26.6
100,200,20,11.5
100,200,40,18.2
100,200,60,24.1
100,200,80,26.2
100,200,100,29.7
100,400,20,8.6
100,400,40,12.1
100,400,60,14.8
100,400,80,15.9
100,400,100,18.1
100,600,20,5.1
100,600,40,7.5
100,600,60,9.6
100,600,80,10.6
100,600,100,12.1
100,800,20,2.8
100,800,40,4.5
100,800,60,5.9
100,800,80,6.7
100,800,100,7.7
100,1000,20,1.6
100,1000,40,2.8
100,1000,60,3.7
100,1000,80,4.3
100,1000,100,4.9
100,1200,20,1.2
100,1200,40,1.9
100,1200,60,2.6
100,1200,80,3.0
100,1200,100,3.4
100,1400,20,0.8
100,1400,40,1.3
100,1400,60,1.7
100,1400,80,2.0
100,1400,100,2.3
100,1600,20,0.6
100,1600,40,0.9
100,1600,60,1.1
100,1600,80,1.2
100,1600,100,1.5
90,100,20,6.7
90,100,40,12.7
90,100,60,21.7
90,100,80,24.5
90,100,100,31.3
90,200,20,10.5
90,200,40,17.5
90,200,60,25.4
90,200,80,28.6
90,200,100,34.7
90,400,20,8.3
90,400,40,11.8
90,400,60,15.5
90,400,80,17.5
90,400,100,20.7
90,600,20,4.9
90,600,40,7.3
90,600,60,10.0
90,600,80,11.5
90,600,100,13.9
90,800,20,2.7
90,800,40,4.3
90,800,60,6.1
90,800,80,7.2
90,800,100,8.8
90,1000,20,1.5
90,1000,40,2.7
90,1000,60,3.8
90,1000,80,4.5
90,1000,100,5.4
90,1200,20,1.0
90,1200,40,1.8
90,1200,60,2.6
90,1200,80,3.1
90,1200,100,3.8
90,1400,20,0.7
90,1400,40,1.2
90,1400,60,1.7
90,1400,80,2.0
90,1400,100,2.4
90,1600,20,0.6
90,1600,40,0.9
90,1600,60,1.2
90,1600,80,1.3
90,1600,100,1.5
80,100,20,5.0
80,100,40,10.4
80,100,60,22.4
80,100,80,26.3
80,100,100,36.1
80,200,20,9.6
80,200,40,16.7
80,200,60,26.8
80,200,80,31.0
80,200,100,39.6
80,400,20,7.9
80,400,40,11.6
80,400,60,16.2
80,400,80,19.0
80,400,100,23.4
80,600,20,4.7
80,600,40,7.1
80,600,60,10.4
80,600,80,12.4
80,600,100,15.6
80,800,20,2.5
80,800,40,4.2
80,800,60,6.3
80,800,80,7.7
80,800,100,9.8
80,1000,20,1.3
80,1000,40,2.6
80,1000,60,3.8
80,1000,80,4.7
80,1000,100,5.9
80,1200,20,0.9
80,1200,40,1.7
80,1200,60,2.6
80,1200,80,3.2
80,1200,100,4.1
80,1400,20,0.6
80,1400,40,1.1
80,1400,60,1.7
80,1400,80,2.1
80,1400,100,2.6
80,1600,20,0.5
80,1600,40,0.9
80,1600,60,1.2
80,1600,80,1.3
80,1600,100,1.6
70,100,20,3.7
70,100,40,8.5
70,100,60,23.2
70,100,80,28.2
70,100,100,41.6
70,200,20,8.7
70,200,40,16.0
70,200,60,28.2
70,200,80,33.6
70,200,100,45.2
70,400,20,7.5
70,400,40,11.4
70,400,60,16.9
70,400,80,20.7
70,400,100,26.4
70,600,20,4.5
70,600,40,6.9
70,600,60,10.8
70,600,80,13.4
70,600,100,17.6
70,800,20,2.3
70,800,40,4.1
70,800,60,6.5
70,800,80,8.2
70,800,100,11.0
70,1000,20,1.2
70,1000,40,2.5
70,1000,60,3.8
70,1000,80,4.9
70,1000,100,6.4
70,1200,20,0.8
70,1200,40,1.6
70,1200,60,2.6
70,1200,80,3.3
70,1200,100,4.5
70,1400,20,0.5
70,1400,40,1.0
70,1400,60,1.7
70,1400,80,2.2
70,1400,100,2.8
70,1600,20,0.4
70,1600,40,0.9
70,1600,60,1.2
70,1600,80,1.3
70,1600,100,1.7
