ffs_kmh,opposing_flow_pcph,no_passing_zones_pct,fnp_kmh
110,100,20,1.7
110,100,40,3.5
110,100,60,4.5
110,100,80,4.8
110,100,100,5.0
110,200,20,3.5
110,200,40,5.3
110,200,60,6.2
110,200,80,6.5
110,200,100,6.8
110,400,20,2.6
110,400,40,3.7
110,400,60,4.4
110,400,80,4.5
110,400,100,4.7
110,600,20,2.2
110,600,40,2.4
110,600,60,2.8
110,600,80,3.1
110,600,100,3.3
110,800,20,1.1
110,800,40,1.6
110,800,60,2.0
110,800,80,2.2
110,800,100,2.4
110,1000,20,1.0
110,1000,40,1.3
110,1000,60,1.7
110,1000,80,1.8
110,1000,100,1.9
110,1200,20,0.9
110,1200,40,1.3
110,1200,60,1.5
110,1200,80,1.6
110,1200,100,1.7
110,1400,20,0.9
110,1400,40,1.2
110,1400,60,1.4
110,1400,80,1.4
110,1400,100,1.5
110,1600,20,0.9
110,1600,40,1.1
110,1600,60,1.2
110,1600,80,1.2
110,1600,100,1.3
100,100,20,1.2
100,100,40,2.7
100,100,60,4.0
100,100,80,4.5
100,100,100,4.7
100,200,20,3.0
100,200,40,4.6
100,200,60,5.9
100,200,80,6.4
100,200,100,6.7
100,400,20,2.3
100,400,40,3.3
100,400,60,4.1
100,400,80,4.4
100,400,100,4.6
100,600,20,1.8
100,600,40,2.1
100,600,60,2.6
100,600,80,3.0
100,600,100,3.2
100,800,20,0.9
100,800,40,1.4
100,800,60,1.8
100,800,80,2.1
100,800,100,2.3
100,1000,20,0.9
100,1000,40,1.1
100,1000,60,1.5
100,1000,80,1.7
100,1000,100,1.9
100,1200,20,0.8
100,1200,40,1.1
100,1200,60,1.4
100,1200,80,1.5
100,1200,100,1.7
100,1400,20,0.8
100,1400,40,1.0
100,1400,60,1.3
100,1400,80,1.3
100,1400,100,1.4
100,1600,20,0.8
100,1600,40,1.0
100,1600,60,1.1
100,1600,80,1.1
100,1600,100,1.2
90,100,20,0.8
90,100,40,1.9
90,100,60,3.6
90,100,80,4.2
90,100,100,4.4
90,200,20,2.4
90,200,40,3.9
90,200,60,5.6
90,200,80,6.3
90,200,100,6.6
90,400,20,2.1
90,400,40,3.0
90,400,60,3.8
90,400,80,4.3
90,400,100,4.5
90,600,20,1.4
90,600,40,1.8
90,600,60,2.5
90,600,80,2.9
90,600,100,3.1
90,800,20,0.8
90,800,40,1.1
90,800,60,1.7
90,800,80,2.0
90,800,100,2.2
90,1000,20,0.8
90,1000,40,0.9
90,1000,60,1.3
90,1000,80,1.5
90,1000,100,1.8
90,1200,20,0.8
90,1200,40,0.9
90,1200,60,1.2
90,1200,80,1.4
90,1200,100,1.6
90,1400,20,0.8
90,1400,40,0.9
90,1400,60,1.1
90,1400,80,1.2
90,1400,100,1.4
90,1600,20,0.8
90,1600,40,0.8
90,1600,60,0.9
90,1600,80,0.9
90,1600,100,1.1
80,100,20,0.3
80,100,40,1.1
80,100,60,3.1
80,100,80,3.9
80,100,100,4.1
80,200,20,1.9
80,200,40,3.2
80,200,60,5.3
80,200,80,6.2
80,200,100,6.5
80,400,20,1.8
80,400,40,2.6
80,400,60,3.5
80,400,80,4.2
80,400,100,4.4
80,600,20,1.0
80,600,40,1.5
80,600,60,2.3
80,600,80,2.8
80,600,100,3.0
80,800,20,0.6
80,800,40,0.9
80,800,60,1.5
80,800,80,1.9
80,800,100,2.1
80,1000,20,0.6
80,1000,40,0.7
80,1000,60,1.1
80,1000,80,1.4
80,1000,100,1.8
80,1200,20,0.6
80,1200,40,0.7
80,1200,60,1.1
80,1200,80,1.3
80,1200,100,1.6
80,1400,20,0.6
80,1400,40,0.7
80,1400,60,1.0
80,1400,80,1.1
80,1400,100,1.3
80,1600,20,0.6
80,1600,40,0.7
80,1600,60,0.8
80,1600,80,0.8
80,1600,100,1.0
70,100,20,0.1
70,100,40,0.6
70,100,60,2.7
70,100,80,3.6
70,100,100,3.8
70,200,20,1.5
70,200,40,2.6
70,200,60,5.0
70,200,80,6.1
70,200,100,6.4
70,400,20,1.5
70,400,40,0.8
70,400,60,3.2
70,400,80,4.1
70,400,100,4.3
70,600,20,0.7
70,600,40,0.5
70,600,60,2.1
70,600,80,2.7
70,600,100,2.9
70,800,20,0.5
70,800,40,0.5
70,800,60,1.3
70,800,80,1.8
70,800,100,2.0
70,1000,20,0.5
70,1000,40,0.5
70,1000,60,1.0
70,1000,80,1.3
70,1000,100,1.8
70,1200,20,0.5
70,1200,40,0.5
70,1200,60,1.0
70,1200,80,1.2
70,1200,100,1.6
70,1400,20,0.5
70,1400,40,0.5
70,1400,60,1.0
70,1400,80,1.0
70,1400,100,1.2
70,1600,20,0.5
70,1600,40,0.5
70,1600,60,0.7
70,1600,80,0.7
70,1600,100,0.9
