grade_min_pct,grade_max_pct,grade_length_km,directional_flow_range_pcph,ET
3.0,3.5,0.4,0-300,2.5
3.0,3.5,0.4,>300-600,1.9
3.0,3.5,0.4,>600,1.5
3.0,3.5,0.8,0-300,3.5
3.0,3.5,0.8,>300-600,2.8
3.0,3.5,0.8,>600,2.3
3.0,3.5,1.2,0-300,4.5
3.0,3.5,1.2,>300-600,3.9
3.0,3.5,1.2,>600,2.9
3.0,3.5,1.6,0-300,5.1
3.0,3.5,1.6,>300-600,4.6
3.0,3.5,1.6,>600,3.5
3.0,3.5,2.4,0-300,6.1
3.0,3.5,2.4,>300-600,5.5
3.0,3.5,2.4,>600,4.1
3.0,3.5,3.2,0-300,7.1
3.0,3.5,3.2,>300-600,5.9
3.0,3.5,3.2,>600,4.7
3.0,3.5,4.8,0-300,8.2
3.0,3.5,4.8,>300-600,6.7
3.0,3.5,4.8,>600,5.3
3.0,3.5,6.4,0-300,9.1
3.0,3.5,6.4,>300-600,7.5
3.0,3.5,6.4,>600,5.7
3.5,4.5,0.4,0-300,3.6
3.5,4.5,0.4,>300-600,2.4
3.5,4.5,0.4,>600,1.9
3.5,4.5,0.8,0-300,5.4
3.5,4.5,0.8,>300-600,4.6
3.5,4.5,0.8,>600,3.4
3.5,4.5,1.2,0-300,6.4
3.5,4.5,1.2,>300-600,6.6
3.5,4.5,1.2,>600,4.6
3.5,4.5,1.6,0-300,7.7
3.5,4.5,1.6,>300-600,6.9
3.5,4.5,1.6,>600,5.9
3.5,4.5,2.4,0-300,9.4
3.5,4.5,2.4,>300-600,8.3
3.5,4.5,2.4,>600,7.1
3.5,4.5,3.2,0-300,10.2
3.5,4.5,3.2,>300-600,9.6
3.5,4.5,3.2,>600,8.1
3.5,4.5,4.8,0-300,11.3
3.5,4.5,4.8,>300-600,11.0
3.5,4.5,4.8,>600,8.9
3.5,4.5,6.4,0-300,12.3
3.5,4.5,6.4,>300-600,11.9
3.5,4.5,6.4,>600,9.7
4.5,5.5,0.4,0-300,4.2
4.5,5.5,0.4,>300-600,3.7
4.5,5.5,0.4,>600,2.6
4.5,5.5,0.8,0-300,6.0
4.5,5.5,0.8,>300-600,6.0
4.5,5.5,0.8,>600,5.1
4.5,5.5,1.2,0-300,7.5
4.5,5.5,1.2,>300-600,7.5
4.5,5.5,1.2,>600,7.5
4.5,5.5,1.6,0-300,9.2
4.5,5.5,1.6,>300-600,9.0
4.5,5.5,1.6,>600,8.9
4.5,5.5,2.4,0-300,10.6
4.5,5.5,2.4,>300-600,10.5
4.5,5.5,2.4,>600,10.3
4.5,5.5,3.2,0-300,11.8
4.5,5.5,3.2,>300-600,11.7
4.5,5.5,3.2,>600,11.3
4.5,5.5,4.8,0-300,13.7
4.5,5.5,4.8,>300-600,13.5
4.5,5.5,4.8,>600,12.4
4.5,5.5,6.4,0-300,15.3
4.5,5.5,6.4,>300-600,15.0
4.5,5.5,6.4,>600,12.5
5.5,6.5,0.4,0-300,4.7
5.5,6.5,0.4,>300-600,4.1
5.5,6.5,0.4,>600,3.5
5.5,6.5,0.8,0-300,7.2
5.5,6.5,0.8,>300-600,7.2
5.5,6.5,0.8,>600,7.2
5.5,6.5,1.2,0-300,9.1
5.5,6.5,1.2,>300-600,9.1
5.5,6.5,1.2,>600,9.1
5.5,6.5,1.6,0-300,10.3
5.5,6.5,1.6,>300-600,10.3
5.5,6.5,1.6,>600,10.2
5.5,6.5,2.4,0-300,11.9
5.5,6.5,2.4,>300-600,11.8
5.5,6.5,2.4,>600,11.7
5.5,6.5,3.2,0-300,12.8
5.5,6.5,3.2,>300-600,12.7
5.5,6.5,3.2,>600,12.6
5.5,6.5,4.8,0-300,14.4
5.5,6.5,4.8,>300-600,14.3
5.5,6.5,4.8,>600,14.2
5.5,6.5,6.4,0-300,15.4
5.5,6.5,6.4,>300-600,15.2
5.5,6.5,6.4,>600,15.0
6.5,,0.4,0-300,5.1
6.5,,0.4,>300-600,4.8
6.5,,0.4,>600,4.6
6.5,,0.8,0-300,7.8
6.5,,0.8,>300-600,7.8
6.5,,0.8,>600,7.8
6.5,,1.2,0-300,9.8
6.5,,1.2,>300-600,9.8
6.5,,1.2,>600,9.8
6.5,,1.6,0-300,10.4
6.5,,1.6,>300-600,10.4
6.5,,1.6,>600,10.3
6.5,,2.4,0-300,12.0
6.5,,2.4,>300-600,11.9
6.5,,2.4,>600,11.8
6.5,,3.2,0-300,12.9
6.5,,3.2,>300-600,12.8
6.5,,3.2,>600,12.7
6.5,,4.8,0-300,14.5
6.5,,4.8,>300-600,14.4
6.5,,4.8,>600,14.3
6.5,,6.4,0-300,15.4
6.5,,6.4,>300-600,15.3
6.5,,6.4,>600,15.2
