grade_min_pct,grade_max_pct,grade_length_km,directional_flow_range_pcph,fG
3.0,3.5,0.4,0-300,0.81
3.0,3.5,0.4,>300-600,1.0
3.0,3.5,0.4,>600,1.0
3.0,3.5,0.8,0-300,0.79
3.0,3.5,0.8,>300-600,1.0
3.0,3.5,0.8,>600,1.0
3.0,3.5,1.2,0-300,0.77
3.0,3.5,1.2,>300-600,1.0
3.0,3.5,1.2,>600,1.0
3.0,3.5,1.6,0-300,0.76
3.0,3.5,1.6,>300-600,1.0
3.0,3.5,1.6,>600,1.0
3.0,3.5,2.4,0-300,0.75
3.0,3.5,2.4,>300-600,0.99
3.0,3.5,2.4,>600,1.0
3.0,3.5,3.2,0-300,0.75
3.0,3.5,3.2,>300-600,0.97
3.0,3.5,3.2,>600,1.0
3.0,3.5,4.8,0-300,0.75
3.0,3.5,4.8,>300-600,0.95
3.0,3.5,4.8,>600,0.97
3.0,3.5,6.4,0-300,0.75
3.0,3.5,6.4,>300-600,0.94
3.0,3.5,6.4,>600,0.95
3.5,4.5,0.4,0-300,0.79
3.5,4.5,0.4,>300-600,1.0
3.5,4.5,0.4,>600,1.0
3.5,4.5,0.8,0-300,0.76
3.5,4.5,0.8,>300-600,1.0
3.5,4.5,0.8,>600,1.0
3.5,4.5,1.2,0-300,0.72
3.5,4.5,1.2,>300-600,1.0
3.5,4.5,1.2,>600,1.0
3.5,4.5,1.6,0-300,0.69
3.5,4.5,1.6,>300-600,0.93
3.5,4.5,1.6,>600,1.0
3.5,4.5,2.4,0-300,0.68
3.5,4.5,2.4,>300-600,0.92
3.5,4.5,2.4,>600,1.0
3.5,4.5,3.2,0-300,0.66
3.5,4.5,3.2,>300-600,0.91
3.5,4.5,3.2,>600,1.0
3.5,4.5,4.8,0-300,0.65
3.5,4.5,4.8,>300-600,0.91
3.5,4.5,4.8,>600,0.96
3.5,4.5,6.4,0-300,0.65
3.5,4.5,6.4,>300-600,0.9
3.5,4.5,6.4,>600,0.96
4.5,5.5,0.4,0-300,0.75
4.5,5.5,0.4,>300-600,1.0
4.5,5.5,0.4,>600,1.0
4.5,5.5,0.8,0-300,0.65
4.5,5.5,0.8,>300-600,0.93
4.5,5.5,0.8,>600,1.0
4.5,5.5,1.2,0-300,0.6
4.5,5.5,1.2,>300-600,0.89
4.5,5.5,1.2,>600,1.0
4.5,5.5,1.6,0-300,0.59
4.5,5.5,1.6,>300-600,0.89
4.5,5.5,1.6,>600,1.0
4.5,5.5,2.4,0-300,0.57
4.5,5.5,2.4,>300-600,0.86
4.5,5.5,2.4,>600,0.99
4.5,5.5,3.2,0-300,0.56
4.5,5.5,3.2,>300-600,0.85
4.5,5.5,3.2,>600,0.98
4.5,5.5,4.8,0-300,0.56
4.5,5.5,4.8,>300-600,0.84
4.5,5.5,4.8,>600,0.97
4.5,5.5,6.4,0-300,0.55
4.5,5.5,6.4,>300-600,0.82
4.5,5.5,6.4,>600,0.93
5.5,6.5,0.4,0-300,0.63
5.5,6.5,0.4,>300-600,0.91
5.5,6.5,0.4,>600,1.0
5.5,6.5,0.8,0-300,0.57
5.5,6.5,0.8,>300-600,0.85
5.5,6.5,0.8,>600,0.99
5.5,6.5,1.2,0-300,0.52
5.5,6.5,1.2,>300-600,0.83
5.5,6.5,1.2,>600,0.97
5.5,6.5,1.6,0-300,0.51
5.5,6.5,1.6,>300-600,0.79
5.5,6.5,1.6,>600,0.97
5.5,6.5,2.4,0-300,0.49
5.5,6.5,2.4,>300-600,0.78
5.5,6.5,2.4,>600,0.95
5.5,6.5,3.2,0-300,0.48
5.5,6.5,3.2,>300-600,0.78
5.5,6.5,3.2,>600,0.94
5.5,6.5,4.8,0-300,0.46
5.5,6.5,4.8,>300-600,0.76
5.5,6.5,4.8,>600,0.93
5.5,6.5,6.4,0-300,0.45
5.5,6.5,6.4,>300-600,0.76
5.5,6.5,6.4,>600,0.93
6.5,,0.4,0-300,0.59
6.5,,0.4,>300-600,0.86
6.5,,0.4,>600,0.98
6.5,,0.8,0-300,0.48
6.5,,0.8,>300-600,0.76
6.5,,0.8,>600,0.94
6.5,,1.2,0-300,0.44
6.5,,1.2,>300-600,0.74
6.5,,1.2,>600,0.91
6.5,,1.6,0-300,0.41
6.5,,1.6,>300-600,0.7
6.5,,1.6,>600,0.91
6.5,,2.4,0-300,0.4
6.5,,2.4,>300-600,0.67
6.5,,2.4,>600,0.91
6.5,,3.2,0-300,0.39
6.5,,3.2,>300-600,0.67
6.5,,3.2,>600,0.89
6.5,,4.8,0-300,0.39
6.5,,4.8,>300-600,0.66
6.5,,4.8,>600,0.88
6.5,,6.4,0-300,0.38
6.5,,6.4,>300-600,0.66
6.5,,6.4,>600,0.87
