directional_split,vp_pcph,no_passing_zones_pct,fd_np_increment_ptsf_pct
50/50,<=200,0,0.0
50/50,<=200,20,10.1
50/50,<=200,40,17.2
50/50,<=200,60,20.2
50/50,<=200,80,21.0
50/50,<=200,100,21.8
50/50,400,0,0.0
50/50,400,20,12.4
50/50,400,40,19.0
50/50,400,60,22.7
50/50,400,80,23.8
50/50,400,100,24.8
50/50,600,0,0.0
50/50,600,20,11.2
50/50,600,40,16.0
50/50,600,60,18.7
50/50,600,80,19.7
50/50,600,100,20.5
50/50,800,0,0.0
50/50,800,20,9.0
50/50,800,40,12.3
50/50,800,60,14.1
50/50,800,80,14.5
50/50,800,100,15.4
50/50,1400,0,0.0
50/50,1400,20,3.6
50/50,1400,40,5.5
50/50,1400,60,6.7
50/50,1400,80,7.3
50/50,1400,100,7.9
50/50,2000,0,0.0
50/50,2000,20,1.8
50/50,2000,40,2.9
50/50,2000,60,3.7
50/50,2000,80,4.1
50/50,2000,100,4.4
50/50,2600,0,0.0
50/50,2600,20,1.1
50/50,2600,40,1.6
50/50,2600,60,2.0
50/50,2600,80,2.3
50/50,2600,100,2.4
50/50,3200,0,0.0
50/50,3200,20,0.7
50/50,3200,40,0.9
50/50,3200,60,1.0
50/50,3200,80,1.2
50/50,3200,100,1.4
60/40,0,0,1.6
60/40,0,20,11.8
60/40,0,40,17.2
60/40,0,60,22.5
60/40,0,80,23.1
60/40,0,100,23.7
60/40,400,0,0.5
60/40,400,20,11.7
60/40,400,40,16.2
60/40,400,60,20.7
60/40,400,80,21.5
60/40,400,100,22.2
60/40,600,0,0.0
60/40,600,20,11.5
60/40,600,40,15.2
60/40,600,60,18.9
60/40,600,80,19.8
60/40,600,100,20.7
60/40,800,0,0.0
60/40,800,20,7.6
60/40,800,40,10.3
60/40,800,60,13.0
60/40,800,80,13.7
60/40,800,100,14.4
60/40,1400,0,0.0
60/40,1400,20,3.7
60/40,1400,40,5.4
60/40,1400,60,7.1
60/40,1400,80,7.6
60/40,1400,100,8.1
60/40,2000,0,0.0
60/40,2000,20,2.3
60/40,2000,40,3.4
60/40,2000,60,3.6
60/40,2000,80,4.0
60/40,2000,100,4.3
60/40,2600,0,0.0
60/40,2600,20,0.9
60/40,2600,40,1.4
60/40,2600,60,1.9
60/40,2600,80,2.1
60/40,2600,100,2.2
70/30,200,0,2.8
70/30,200,20,13.4
70/30,200,40,19.1
70/30,200,60,24.8
70/30,200,80,25.2
70/30,200,100,25.5
70/30,400,0,1.1
70/30,400,20,12.5
70/30,400,40,17.3
70/30,400,60,22.0
70/30,400,80,22.6
70/30,400,100,23.2
70/30,600,0,0.0
70/30,600,20,11.6
70/30,600,40,15.4
70/30,600,60,19.1
70/30,600,80,20.0
70/30,600,100,20.9
70/30,800,0,0.0
70/30,800,20,7.7
70/30,800,40,10.5
70/30,800,60,13.3
70/30,800,80,14.0
70/30,800,100,14.6
70/30,1400,0,0.0
70/30,1400,20,3.8
70/30,1400,40,5.6
70/30,1400,60,7.4
70/30,1400,80,7.9
70/30,1400,100,8.3
70/30,2000,0,0.0
70/30,2000,20,1.4
70/30,2000,40,4.9
70/30,2000,60,3.5
70/30,2000,80,3.9
70/30,2000,100,4.2
80/20,200,0,5.1
80/20,200,20,17.5
80/20,200,40,24.3
80/20,200,60,31.0
80/20,200,80,31.3
80/20,200,100,31.6
80/20,400,0,2.5
80/20,400,20,15.8
80/20,400,40,21.5
80/20,400,60,27.1
80/20,400,80,27.6
80/20,400,100,28.0
80/20,600,0,0.0
80/20,600,20,14.0
80/20,600,40,18.6
80/20,600,60,23.2
80/20,600,80,23.9
80/20,600,100,24.5
80/20,800,0,0.0
80/20,800,20,9.3
80/20,800,40,12.7
80/20,800,60,16.0
80/20,800,80,16.5
80/20,800,100,17.0
80/20,1400,0,0.0
80/20,1400,20,4.6
80/20,1400,40,6.7
80/20,1400,60,8.7
80/20,1400,80,9.1
80/20,1400,100,9.5
80/20,2000,0,0.0
80/20,2000,20,2.4
80/20,2000,40,3.4
80/20,2000,60,4.5
80/20,2000,80,4.7
80/20,2000,100,4.9
90/10,200,0,5.6
90/10,200,20,21.6
90/10,200,40,29.4
90/10,200,60,37.2
90/10,200,80,37.4
90/10,200,100,37.6
90/10,400,0,2.4
90/10,400,20,19.0
90/10,400,40,25.6
90/10,400,60,32.2
90/10,400,80,32.5
90/10,400,100,32.8
90/10,600,0,0.0
90/10,600,20,16.3
90/10,600,40,21.8
90/10,600,60,27.2
90/10,600,80,27.6
90/10,600,100,28.0
90/10,800,0,0.0
90/10,800,20,10.9
90/10,800,40,14.8
90/10,800,60,18.6
90/10,800,80,19.0
90/10,800,100,19.4
90/10,1400,0,0.0
90/10,1400,20,5.5
90/10,1400,40,7.8
90/10,1400,60,10.0
90/10,1400,80,10.4
90/10,1400,100,10.7
