vp_pcph,no_passing_zones_pct,fnp_reduction_kmh
0,0,0.0
0,20,0.0
0,40,0.0
0,60,0.0
0,80,0.0
0,100,0.0
200,0,0.0
200,20,1.0
200,40,2.3
200,60,3.8
200,80,4.2
200,100,5.6
400,0,0.0
400,20,2.7
400,40,4.3
400,60,5.7
400,80,6.3
400,100,7.3
600,0,0.0
600,20,2.5
600,40,3.8
600,60,4.9
600,80,5.5
600,100,6.2
800,0,0.0
800,20,2.2
800,40,3.1
800,60,3.9
800,80,4.3
800,100,4.9
1000,0,0.0
1000,20,1.8
1000,40,2.5
1000,60,3.2
1000,80,3.6
1000,100,4.2
1200,0,0.0
1200,20,1.3
1200,40,2.0
1200,60,2.6
1200,80,3.0
1200,100,3.4
1400,0,0.0
1400,20,0.9
1400,40,1.4
1400,60,1.9
1400,80,2.3
1400,100,2.7
1600,0,0.0
1600,20,0.9
1600,40,1.3
1600,60,1.7
1600,80,2.1
1600,100,2.4
1800,0,0.0
1800,20,0.8
1800,40,1.1
1800,60,1.6
1800,80,1.8
1800,100,2.1
2000,0,0.0
2000,20,0.8
2000,40,1.0
2000,60,1.4
2000,80,1.6
2000,100,1.8
2200,0,0.0
2200,20,0.8
2200,40,1.0
2200,60,1.4
2200,80,1.5
2200,100,1.7
2400,0,0.0
2400,20,0.8
2400,40,1.0
2400,60,1.3
2400,80,1.5
2400,100,1.7
2600,0,0.0
2600,20,0.8
2600,40,1.0
2600,60,1.3
2600,80,1.4
2600,100,1.6
2800,0,0.0
2800,20,0.8
2800,40,1.0
2800,60,1.2
2800,80,1.3
2800,100,1.4
3000,0,0.0
3000,20,0.8
3000,40,0.9
3000,60,1.1
3000,80,1.1
3000,100,1.3
3200,0,0.0
3200,20,0.8
3200,40,0.9
3200,60,1.0
3200,80,1.0
3200,100,1.1
